test,predict,testlabel,predictlabel
0.618583333,0.6263048,0,0
0.62,0.6307029,0,0
0.656230769,0.6347926,1,0
0.712076923,0.65242314,2,1
0.757571429,0.71578205,2,2
