test,predict,testlabel,predictlabel
0.626,0.6152236,0,0
0.621727273,0.6279225,0,0
0.6596666669999999,0.623784,1,0
0.699933333,0.63597995,1,0
0.719,0.7117222,2,2
