test,predict,testlabel,predictlabel
0.618583333,0.6344828,0,0
0.62,0.6306624,0,0
0.656230769,0.6558211,1,1
0.712076923,0.66266406,2,1
0.757571429,0.72478306,2,2
