test,predict,testlabel,predictlabel
0.626,0.6196432,0,0
0.621727273,0.6297713,0,0
0.6596666669999999,0.6234444,1,0
0.699933333,0.64857554,1,1
0.719,0.7164331,2,2
