test,predict,testlabel,predictlabel
0.617916667,0.6073713,0,0
0.638166667,0.62525153,0,0
0.6507333329999999,0.7115955,1,2
0.719571429,0.682624,2,1
0.708692308,0.7073551,2,2
