test,predict,testlabel,predictlabel
0.616636364,0.64252156,0,1
0.6460833330000001,0.66083,1,1
0.682384615,0.67600954,1,1
0.704833333,0.6695592,2,1
0.726153846,0.6956647,2,1
