test,predict,testlabel,predictlabel
0.618583333,0.6232554,0,0
0.62,0.6310704,0,0
0.656230769,0.64203346,1,1
0.712076923,0.6560382,2,1
0.757571429,0.70157826,2,2
