test,predict,testlabel,predictlabel
0.626,0.60940343,0,0
0.621727273,0.620967,0,0
0.6596666669999999,0.63390934,1,0
0.699933333,0.63856715,1,0
0.719,0.70293933,2,2
