test,predict,testlabel,predictlabel
0.618583333,0.62956125,0,0
0.62,0.6491723,0,1
0.656230769,0.652983,1,1
0.712076923,0.6459535,2,1
0.757571429,0.7055888,2,2
