test,predict,testlabel,predictlabel
0.618583333,0.6299664,0,0
0.62,0.6444285,0,1
0.656230769,0.64363086,1,1
0.712076923,0.661683,2,1
0.757571429,0.7166021,2,2
