test,predict,testlabel,predictlabel
0.60675,0.6214702,0,0
0.62475,0.6435671,0,1
0.6628571429999999,0.65429884,1,1
0.692272727,0.71988255,1,2
0.735230769,0.7020918,2,2
