test,predict,testlabel,predictlabel
0.61725,0.6236549,0,0
0.6162,0.62769127,0,0
0.6432,0.66319484,1,1
0.7217692310000001,0.6636619,2,1
0.767538462,0.70539206,2,2
