test,predict,testlabel,predictlabel
0.60675,0.63172,0,0
0.62475,0.6310744,0,0
0.6628571429999999,0.6871654,1,1
0.692272727,0.7144299,1,2
0.735230769,0.7039748,2,2
