test,predict,testlabel,predictlabel
0.617916667,0.6152729,0,0
0.638166667,0.62644947,0,0
0.6507333329999999,0.6594526,1,1
0.719571429,0.6764518,2,1
0.708692308,0.68390805,2,1
