test,predict,testlabel,predictlabel
0.617916667,0.60997957,0,0
0.638166667,0.6277138,0,0
0.6507333329999999,0.68061066,1,1
0.719571429,0.67969966,2,1
0.708692308,0.72286105,2,2
