test,predict,testlabel,predictlabel
0.613909091,0.68862593,0,1
0.637583333,0.67509514,0,1
0.6439999999999999,0.67117953,1,1
0.681,0.7188972,1,2
0.714,0.72505623,2,2
