test,predict,testlabel,predictlabel
0.61725,0.6170321,0,0
0.6162,0.691429,0,1
0.6432,0.7012303,1,2
0.7217692310000001,0.68625665,2,1
0.767538462,0.7256828,2,2
