test,predict,testlabel,predictlabel
0.616636364,0.65227604,0,1
0.6460833330000001,0.66135895,1,1
0.682384615,0.67449456,1,1
0.704833333,0.6615597,2,1
0.726153846,0.68120664,2,1
