test,predict,testlabel,predictlabel
0.61725,0.619491,0,0
0.6162,0.63343304,0,0
0.6432,0.65878844,1,1
0.7217692310000001,0.6859736,2,1
0.767538462,0.71873623,2,2
