test,predict,testlabel,predictlabel
0.617916667,0.6143817,0,0
0.638166667,0.63729537,0,0
0.6507333329999999,0.6796974,1,1
0.719571429,0.6798147,2,1
0.708692308,0.7240637,2,2
