test,predict,testlabel,predictlabel
0.617916667,0.6250569,0,0
0.638166667,0.6420765,0,1
0.6507333329999999,0.69311404,1,1
0.719571429,0.68026537,2,1
0.708692308,0.71298635,2,2
