test,predict,testlabel,predictlabel
0.613909091,0.65567625,0,1
0.637583333,0.6436418,0,1
0.6439999999999999,0.68820554,1,1
0.681,0.7152605,1,2
0.714,0.7213067,2,2
