test,predict,testlabel,predictlabel
0.616636364,0.6408173,0,1
0.6460833330000001,0.65004075,1,1
0.682384615,0.6570203,1,1
0.704833333,0.6385696,2,0
0.726153846,0.6874418,2,1
