test,predict,testlabel,predictlabel
0.61725,0.62665355,0,0
0.6162,0.6598398,0,1
0.6432,0.64104456,1,1
0.7217692310000001,0.7064069,2,2
0.767538462,0.71847266,2,2
