test,predict,testlabel,predictlabel
0.60675,0.6183174,0,0
0.62475,0.62340075,0,0
0.6628571429999999,0.65156144,1,1
0.692272727,0.6903534,1,1
0.735230769,0.67985755,2,1
