test,predict,testlabel,predictlabel
0.60675,0.61543906,0,0
0.62475,0.628669,0,0
0.6628571429999999,0.6619122,1,1
0.692272727,0.7071886,1,2
0.735230769,0.68169475,2,1
