test,predict,testlabel,predictlabel
0.616636364,0.66109806,0,1
0.6460833330000001,0.6454531,1,1
0.682384615,0.66766053,1,1
0.704833333,0.66809165,2,1
0.726153846,0.6918871,2,1
