test,predict,testlabel,predictlabel
0.626,0.61418396,0,0
0.621727273,0.61652565,0,0
0.6596666669999999,0.6192103,1,0
0.699933333,0.6330111,1,0
0.719,0.71826535,2,2
