test,predict,testlabel,predictlabel
0.61725,0.61729,0,0
0.6162,0.6655133,0,1
0.6432,0.6613338,1,1
0.7217692310000001,0.6939224,2,1
0.767538462,0.7201554,2,2
