test,predict,testlabel,predictlabel
0.613909091,0.6808683,0,1
0.637583333,0.6330964,0,0
0.6439999999999999,0.6637082,1,1
0.681,0.72138345,1,2
0.714,0.70971596,2,2
