test,predict,testlabel,predictlabel
0.626,0.61765534,0,0
0.621727273,0.62579757,0,0
0.6596666669999999,0.6295398,1,0
0.699933333,0.64664686,1,1
0.719,0.6991619,2,1
