test,predict,testlabel,predictlabel
0.613909091,0.6784401,0,1
0.637583333,0.63600993,0,0
0.6439999999999999,0.6548544,1,1
0.681,0.7169311,1,2
0.714,0.7224778,2,2
