test,predict,testlabel,predictlabel
0.613909091,0.68117553,0,1
0.637583333,0.6572807,0,1
0.6439999999999999,0.67021495,1,1
0.681,0.72014064,1,2
0.714,0.7443082,2,2
