test,predict,testlabel,predictlabel
0.60675,0.619641,0,0
0.62475,0.6317301,0,0
0.6628571429999999,0.6289365,1,0
0.692272727,0.69863385,1,1
0.735230769,0.6825325,2,1
